,RMSE,MAE,Lag,Smoothness,Filter_Type,Improvement
Standard UKF,11315.366528082921,9320.489155522906,0,1.0448487384863272,baseline,
My AUKF,18041.934543310505,13180.132815045212,0,1819.8369511484386,statistical_adaptive,-59.44631133718315
Academic AUKF,715.5759466448219,539.3268662936621,0,613.6257571792556,mathematical_rigorous,93.67606922083455
Neural AUKF,426.690235479539,326.38203107000845,0,871.9099756570712,neural_adaptive,96.22910813873716
