,Method,Avg_RMSE,Min_RMSE,Max_RMSE,Std_RMSE,Avg_MAE,Avg_Improvement,Test_Count
0,Standard UKF,12116.11315476003,7702.206358409432,16156.938389434898,4239.695250588042,9023.142052404359,,3
1,My AUKF,9300.928216685137,7003.876531883179,12143.67368105789,2612.9896592720784,6264.381044742816,15.248585024906546,3
2,Academic AUKF,505.7492002371825,375.92929853331333,575.1224622163347,112.51589356628702,315.44404161127227,95.67537125980415,3
3,Neural AUKF,327.2168899564302,225.32710846654956,419.2217017523724,97.32452309544715,190.54966278453722,97.26022627516757,3
