,RMSE,MAE,Lag,Smoothness,Filter_Type,Improvement
Standard UKF,7702.206358409432,6656.171356017245,0,2.378379753075888,baseline,
My AUKF,8755.234437114344,5655.416349421625,0,3384.9598944211075,statistical_adaptive,-13.671771823604725
Academic AUKF,375.92929853331333,293.1554131358491,0,323.8994078710519,mathematical_rigorous,95.1191998624801
Neural AUKF,225.32710846654956,174.45452919944785,0,467.8309196969312,neural_adaptive,97.07451218545278
