,RMSE,MAE,Lag,Smoothness,Filter_Type,Improvement
Standard UKF,16156.938389434898,10470.776819154253,0,22.112075934521968,baseline,
My AUKF,7003.876531883179,4347.239458547696,0,664.5135365272447,statistical_adaptive,56.650967138285004
Academic AUKF,575.1224622163347,225.59702761817258,0,553.9854615542922,mathematical_rigorous,96.44039948439482
Neural AUKF,419.2217017523724,138.61056008908037,0,679.2853831755409,neural_adaptive,97.40531472208556
