,RMSE,MAE,Lag,Smoothness,Filter_Type,Improvement
Standard UKF,12489.194716435763,9942.477982041579,0,1.5541909043340765,baseline,
My AUKF,12143.67368105789,8790.487326259128,0,562.7190117546244,statistical_adaptive,2.7665597600393546
Academic AUKF,566.1958399618993,427.57968407979513,0,484.5829337584558,mathematical_rigorous,95.46651443253754
Neural AUKF,337.1018596503687,258.5838990650835,0,689.782602700609,neural_adaptive,97.30085191796438
