,count,mean,std,min,25%,50%,75%,max
周期(二重微分),9784.0,10.26062959934587,2.521326687990499,0.0,9.0,10.0,12.0,21.0
周期(ホモダイン判別機),9784.0,11.713614063777596,2.9410638462564536,0.0,10.0,11.0,13.0,27.0
周期(位相累積),9784.0,11.102718724448078,2.4877450358874627,0.0,9.0,11.0,13.0,19.0
周期(拡張二重微分),9784.0,20.321034341782504,19.228656952558286,0.0,8.0,13.0,25.0,95.0
周期(拡張ホモダイン判別機),9784.0,19.310098119378576,19.101618650030456,0.0,7.0,12.0,23.0,95.0
周期(拡張位相累積),9784.0,6.933565004088307,2.8167446855904865,0.0,5.0,6.0,8.0,17.0
